Name,Score,Age,Ethinicity,Subject,Sex,ID
AI-KYUNG CHUNG,82,18,White American,Data Structue,M,1
ALAN HARVEY,79,19,European American,Data Structue,M,2
ALAN REYNAUD,39,19,European American,Data Structue,M,3
ALBERT CENDANA,76,18,White American,Data Structue,M,4
ALBERT HOLT JR,76,18,White American,Data Structue,F,5
ALBERT PARDINI,89,20,White American,Data Structue,M,6
ALBERT YU,89,18,White American,Data Structue,M,7
ALBERTO PEDRUCO,59,19,White American,Data Structue,M,8
ALEC BALMY,82,18,Hispanic,Data Structue,M,9
ALEETA VAN RUNKLE,82,19,Hispanic,Data Structue,F,10
ALEX TSE,47,20,White American,Data Structue,M,11
ALEXANDER CHEN,47,20,White American,Data Structue,M,12
ALEXANDER KWAN,60,19,White American,Data Structue,M,13
ALEXIS GOLDNER,82,18,White American,Data Structue,M,14
ALLEN TURPIN,82,21,White American,Data Structue,F,15
ALSON LEE,76,20,White American,Data Structue,M,16
ALVIN LAU,25,18,White American,Data Structue,M,17
AMEN CHOW,89,18,European American,Data Structue,M,18
AMPARO RODRIGUEZ,85,18,Hispanic,Data Structue,M,19
AMY BROWN,60,18,White American,Data Structue,F,20
AMY HART,76,18,Hispanic,Data Structue,M,21
ANA SAMPERA,60,18,European American,Data Structue,M,22
ANDRE ANDREWS SR,69,18,White American,Data Structue,M,23
ANDRE WILLIAMS,59,19,Hispanic,Data Structue,M,24
ANDREW LOGAN,85,20,European American,Data Structue,F,25
ANDREW SAITZ,85,18,White American,Data Structue,M,26
ANDY ZANOFF,47,20,Hispanic,Data Structue,M,27
ANGELA PLATZER,85,20,European American,Data Structue,M,28
ANN MANNIX,82,21,Hispanic,Data Structue,M,29
ANNA BROWN,79,19,White American,Data Structue,F,30
ANNE KRONENBERG,69,20,White American,Data Structue,M,31
ANNETTE HOBRUCKER-PFEIFER,60,21,European American,Data Structue,M,32
ANTHONY DUMONT,39,19,European American,Data Structue,M,33
ANTHONY ROBINSON,,18,European American,Data Structue,M,34
ANTONIO FLORES,47,20,Hispanic,Data Structue,F,35
ANTONIO PARRA,59,19,White American,Data Structue,M,36
ANTONIO SANTIAGO,47,18,White American,Data Structue,M,37
ARNIE LEE,69,20,White American,Data Structue,M,38
ARNOLD CHOY,39,18,White American,Data Structue,M,39
ARTHUR BORGES,60,19,White American,Data Structue,F,40
ARTHUR KENNEY,69,20,European American,Data Structue,M,41
ARTHUR STELLINI,89,20,African American,Data Structue,M,42
ATTICA BOWDEN,59,21,White American,Data Structue,M,43
BARBARA GARCIA,79,18,European American,Data Structue,M,44
BARBARA HALE,76,20,European American,Data Structue,F,45
BARBARA SCHULTHEIS,59,21,African American,Data Structue,M,46
BARRY BLOOM,79,21,White American,Data Structue,M,47
BENJAMIN ROSENFIELD,76,18,Hispanic,Data Structue,M,48
BERGLIOTH MATHEWS,59,18,Hispanic,Data Structue,M,49
BERT REYES,60,19,White American,Data Structue,F,50
BOND YEE,76,18,European American,Data Structue,M,51
BONNIE TAYLOR,82,19,White American,Data Structue,M,52
BRADEN WOODS,39,19,African American,Data Structue,M,53
BRENDAN MCGORRIN,89,20,White American,Data Structue,M,54
BRENDAN WARD,82,21,White American,Data Structue,F,55
BRIAN DELAHUNTY,85,18,Hispanic,Data Structue,M,56
BRIAN MURPHY,47,20,European American,Data Structue,M,57
BRIAN PHILPOTT,69,20,White American,Data Structue,M,58
BRODERICK TOPPS,69,20,White American,Data Structue,M,59
BRONWYN GUNDOGDU,89,18,Hispanic,Data Structue,F,60
BROOK MANCINELLI,82,19,White American,Data Structue,M,61
BRYAN MAR,47,18,African American,Data Structue,M,62
BRYAN RUBENSTEIN,76,20,White American,Data Structue,M,63
BURK DELVENTHAL,76,18,White American,Data Structue,M,64
C PETRUZZELLA,79,21,Hispanic,Data Structue,F,65
CANTREZ TRIPLETT,39,21,White American,Data Structue,M,66
CARL FABBRI,69,20,Hispanic,Data Structue,M,67
CARL JEPSEN,60,21,Hispanic,Data Structue,M,68
CARLOS GUTIERREZ,39,19,European American,Data Structue,M,69
CATHERINE JAMES,69,20,White American,Data Structue,F,70
CHAD LAW,47,20,White American,Data Structue,M,71
CHARLES CRANE,59,21,White American,Data Structue,M,72
CHARLES SCOTT,47,20,White American,Data Structue,M,73
CHARLES STINSON,79,19,European American,Data Structue,M,74
CHARLIE ORKES,76,18,Hispanic,Data Structue,F,75
CHRIS VEIN,89,20,Hispanic,Data Structue,M,76
CHRISTIANE HAYASHI,60,19,White American,Data Structue,M,77
CHRISTINE WINKLER,47,20,White American,Data Structue,M,78
CHRISTOPHER CHONG,59,18,White American,Data Structue,M,79
CHRISTOPHER HAZEN,79,19,European American,Data Structue,F,80
CHUTEH KOTAKE,82,19,European American,Data Structue,M,81
CLEMENTINO AVILA II,89,18,White American,Data Structue,M,82
CLYDE CHRISTOBAL,47,20,European American,Data Structue,M,83
COLLEEN RILEY,39,19,Hispanic,Data Structue,M,84
CRISTINA REYES,39,21,White American,Data Structue,F,85
CROCE CASCIATO,79,18,White American,Data Structue,M,86
CURTIS LUM,,19,European American,Data Structue,M,87
DALE CARNES,79,21,European American,Data Structue,M,88
DAMON HART,39,18,White American,Data Structue,M,89
DANIEL ARMENTA,39,21,African American,Data Structue,F,90
DANIEL COX,79,19,Hispanic,Data Structue,M,91
DANIEL CUNNINGHAM,82,19,White American,Data Structue,M,92
DANIEL DEDET,79,19,White American,Data Structue,M,93
DANIEL MAHONEY,85,18,White American,Data Structue,M,94
DANIEL MOLLOY,59,19,African American,Data Structue,F,95
DANIEL SCDORIS,69,18,White American,Data Structue,M,96
DANIEL YONTS,82,19,White American,Data Structue,M,97
DARCY KELLER,89,18,White American,Data Structue,M,98
DARREN CHOY,59,21,European American,Data Structue,M,99
DARRYL HUNTER,59,19,Hispanic,Data Structue,F,100
DAVID BRIGGS,39,18,Hispanic,Data Structue,M,101
DAVID FRANKLIN,47,20,African American,Data Structue,M,102
DAVID HAWKINS,89,18,European American,Data Structue,M,103
DAVID KUSHNER,60,21,White American,Data Structue,M,104
DAVID LAZAR,76,18,European American,Data Structue,F,105
DAVID OWEN,59,19,White American,Data Structue,M,106
DAVID PFEIFER,39,21,European American,Data Structue,M,107
DAVID SHINN,79,21,European American,Data Structue,M,108
DAVID SULLIVAN,39,19,White American,Data Structue,M,109
DAVID THOMPSON,79,21,White American,Data Structue,F,110
DAVID ZWYER,59,21,European American,Data Structue,M,111
DEBBIE TAM,79,18,White American,Data Structue,M,112
DEBORAH BORNE,82,19,Hispanic,Data Structue,M,113
DEBORAH JETER,39,19,White American,Data Structue,M,114
DEBORAH LOGAN,89,20,European American,Data Structue,F,115
DEBRA JOHNSON,82,21,White American,Data Structue,M,116
DENIS JOYCE,69,18,European American,Data Structue,M,117
DENIS OLEARY,47,20,White American,Data Structue,M,118
DENISE BAILEY,76,20,European American,Data Structue,M,119
DENISE NEWMAN,79,21,White American,Data Structue,F,120
DENISE SCHMITT,85,18,European American,Data Structue,M,121
DENNIS HERRERA,82,18,White American,Data Structue,M,122
DENNIS MARTINEZ,79,21,White American,Data Structue,M,123
DENNIS O'NEILL,39,19,European American,Data Structue,M,124
DENNIS SUTTER,47,18,European American,Data Structue,F,125
DEREK WING,89,20,White American,Data Structue,M,126
DERIO DITO,39,21,White American,Data Structue,M,127
DIANA GUEVARA,69,20,European American,Data Structue,M,128
DOMINIC CELAYA,60,21,White American,Data Structue,M,129
DONALD BRYANT,69,18,European American,Data Structue,F,130
DONALD FIELDS,60,18,Hispanic,Data Structue,M,131
DONALD MARGOLIS,69,20,Hispanic,Data Structue,M,132
DONALDSON SHUMPERT,47,18,European American,Data Structue,M,133
DONNA LEE,79,18,White American,Data Structue,M,134
DONNA MEIXNER,79,18,Hispanic,Data Structue,F,135
DONNIE HORNBUCKLE,59,21,European American,Data Structue,M,136
DOUGLAS MCEACHERN,59,21,Hispanic,Data Structue,M,137
DOUGLAS RIBA,85,20,White American,Data Structue,M,138
DUSTIN NOVO,79,21,European American,Data Structue,M,139
DWAYNE CURRY,,21,White American,Data Structue,F,140
EDGAR CALLEJAS,76,18,White American,Data Structue,M,141
EDGAR GONZALEZ,89,20,Hispanic,Data Structue,M,142
EDMUND DEA,79,18,Hispanic,Data Structue,M,143
EDMUND VAIL,60,18,White American,Data Structue,M,144
EDUARDO GONZALEZ,82,21,White American,Data Structue,F,145
EDWARD CAMPBELL,76,20,Hispanic,Data Structue,M,146
EDWARD CHEUNG,47,18,European American,Data Structue,M,147
EDWARD CHU,82,19,Hispanic,Data Structue,M,148
EDWARD DELCARLO,39,18,White American,Data Structue,M,149
EDWARD DENNIS,59,21,White American,Data Structue,F,150
EDWARD HARRINGTON,89,18,European American,Data Structue,M,151
EDWARD REISKIN,25,18,White American,Data Structue,M,152
EDWARD ROLAND,60,18,European American,Data Structue,M,153
EDWIN LEE,39,19,White American,Data Structue,M,154
EHRHARDT GROOTHOFF,47,18,White American,Data Structue,F,155
ELAINE COLEMAN,39,19,White American,Data Structue,M,156
ELISA RAMIREZ,47,18,European American,Data Structue,M,157
ELIZABETH JOHNSON,85,18,European American,Data Structue,M,158
ELLEN APOLINARIO,79,19,European American,Data Structue,M,159
ELLEN LEVIN,47,18,European American,Data Structue,F,160
ELLEN MOFFATT,82,18,White American,Data Structue,M,161
ERIBERTO ISON,,18,White American,Data Structue,M,162
ERIC CRANSTON,76,18,Hispanic,Data Structue,M,163
ERIKA HOO,79,19,White American,Data Structue,M,164
ERNEST JOHNSON,39,18,European American,Data Structue,F,165
EUGENE GALEANO,76,20,Hispanic,Data Structue,M,166
EVETTE GEER-STEVENS,85,18,European American,Data Structue,M,167
FE HORTINELA,59,19,White American,Data Structue,M,168
FERDINAND CADELINA,59,19,White American,Data Structue,M,169
FERDINAND MENESES,69,18,Hispanic,Data Structue,F,170
FERNANDO DEALBA,82,18,European American,Data Structue,M,171
FLAVIA BAYATI,59,18,White American,Data Structue,M,172
FLOYD ROLLINS,47,20,White American,Data Structue,M,173
FRANK CARDINALE,82,19,White American,Data Structue,M,174
FRANK HSIEH,39,19,Hispanic,Data Structue,F,175
FRANK KOSTA,89,18,White American,Data Structue,M,176
FREDERICK BINKLEY,69,18,African American,Data Structue,M,177
FUAD SWEISS,47,20,Hispanic,Data Structue,M,178
GARRET TOM,47,18,Hispanic,Data Structue,M,179
GARY AMELIO,89,18,European American,Data Structue,F,180
GARY CONSTANTINE,89,20,White American,Data Structue,M,181
GARY JIMENEZ,79,19,White American,Data Structue,M,182
GAVIN ESTUPINIAN,82,19,African American,Data Structue,M,183
GEORGE FOURAS,82,19,Hispanic,Data Structue,M,184
GEORGE GARCIA,89,20,White American,Data Structue,F,185
GEORGE GASCON,69,20,European American,Data Structue,M,186
GEORGE LYSENKO,69,20,Hispanic,Data Structue,M,187
GERALD DARCY,89,20,European American,Data Structue,M,188
GERALD MANSUR JR,85,20,European American,Data Structue,M,189
GERARDO PINTO,76,18,White American,Data Structue,F,190
GHODSI DAVARY,79,19,White American,Data Structue,M,191
GLEN KOJIMOTO,85,18,African American,Data Structue,M,192
GLENN KIRCHER,79,19,European American,Data Structue,M,193
GLENN MAR,79,21,Hispanic,Data Structue,M,194
GLENN ORTIZ-SCHULDT,85,20,African American,Data Structue,F,195
GLORIA GARCIA ORME,85,18,European American,Data Structue,M,196
GRAD GREEN,79,21,White American,Data Structue,M,197
GREGORY CACHARELIS,89,20,White American,Data Structue,M,198
GREGORY CORRALES,82,21,European American,Data Structue,M,199
GREGORY MAR,47,18,White American,Data Structue,F,200
GREGORY MCFARLAND,60,18,Hispanic,Data Structue,M,201
GREGORY STANGLAND,85,20,White American,Data Structue,M,202
GREGORY SUHR,39,19,White American,Data Structue,M,203
GUY GOODWIN,79,19,Hispanic,Data Structue,M,204
HAGOP HAJIAN,76,18,European American,Data Structue,F,205
HANS VIGIL,60,19,Hispanic,Data Structue,M,206
HARLAN KELLY-JR,69,20,European American,Data Structue,M,207
HAROLD BYRD,69,18,White American,Data Structue,M,208
HARRY PINKARD,89,18,White American,Data Structue,M,209
HARVEY ELWIN,60,19,White American,Data Structue,F,210
HENRY LARKIN,60,21,African American,Data Structue,M,211
HERALIO SERRANO,82,19,White American,Data Structue,M,212
HERBERT CARNEY,82,19,Hispanic,Data Structue,M,213
HERBERT HENLEY,69,18,White American,Data Structue,M,214
IRENE SUNG,60,19,White American,Data Structue,F,215
IVAR SATERO,,19,European American,Data Structue,M,216
JACK CHOW,76,20,Hispanic,Data Structue,M,217
JACKSON WONG,76,18,White American,Data Structue,M,218
JALAL AINEB,39,19,White American,Data Structue,M,219
JAMES BLAKE,89,18,White American,Data Structue,F,220
JAMES BOSCH,60,19,Hispanic,Data Structue,M,221
JAMES CALONICO,79,21,European American,Data Structue,M,222
JAMES DEIGNAN,76,18,White American,Data Structue,M,223
JAMES DUDLEY,85,18,European American,Data Structue,M,224
JAMES EMERY,79,21,Hispanic,Data Structue,F,225
JAMES FAZACKERLEY,89,20,White American,Data Structue,M,226
JAMES FLORES,47,20,Hispanic,Data Structue,M,227
JAMES HARRIGAN,85,20,European American,Data Structue,M,228
JAMES MILLER,39,19,White American,Data Structue,M,229
JAMES SPILLANE,59,18,European American,Data Structue,F,230
JAMES VANNUCCHI,69,20,White American,Data Structue,M,231
JANET HINES,85,18,White American,Data Structue,M,232
JASON PAW,47,20,European American,Data Structue,M,233
JAY HUISH,47,18,Hispanic,Data Structue,M,234
JAY KLOO,47,18,White American,Data Structue,F,235
JEFF COLUMBINI,89,18,Hispanic,Data Structue,M,236
JEFF IWASAKI,69,20,White American,Data Structue,M,237
JEFFREY ADACHI,89,20,Hispanic,Data Structue,M,238
JEFFREY BARDEN,76,18,White American,Data Structue,M,239
JEFFREY MYERS,47,18,White American,Data Structue,F,240
JENNIFER DEBERRY,89,18,European American,Data Structue,M,241
JENNIFER MATZ,69,20,European American,Data Structue,M,242
JERRY COLEMAN,60,18,Hispanic,Data Structue,M,243
JESSE SMITH,85,20,White American,Data Structue,M,244
JESUS PENA,85,20,European American,Data Structue,F,245
JILL LECOUNT,79,18,Hispanic,Data Structue,M,246
JIM GIANG,69,20,African American,Data Structue,M,247
JIM HALL III,60,18,White American,Data Structue,M,248
JIMMIE LEW,69,20,White American,Data Structue,M,249
JOANNE HAYES-WHITE,82,19,European American,Data Structue,F,250
JOANNE HOEPER,82,18,African American,Data Structue,M,251
JOHN BARKER,76,20,European American,Data Structue,M,252
JOHN BRAGAGNOLO,59,18,European American,Data Structue,M,253
JOHN BROWN,39,19,African American,Data Structue,M,254
JOHN BUCHANAN JR,79,18,European American,Data Structue,F,255
JOHN CAVANAUGH,59,19,White American,Data Structue,M,256
JOHN CREMEN,69,20,White American,Data Structue,M,257
JOHN EHRLICH,69,18,European American,Data Structue,M,258
JOHN FEENEY,47,20,White American,Data Structue,M,259
JOHN FLORES,39,18,White American,Data Structue,F,260
JOHN GARRITY,85,18,White American,Data Structue,M,261
JOHN GOLDBERG,89,18,White American,Data Structue,M,262
JOHN HALEY JR,89,18,Hispanic,Data Structue,M,263
JOHN HANLEY,76,20,White American,Data Structue,M,264
JOHN HART,47,18,White American,Data Structue,F,265
JOHN HICKEY,60,21,European American,Data Structue,M,266
JOHN KOSTA,39,19,White American,Data Structue,M,267
JOHN LOFTUS,76,20,White American,Data Structue,M,268
JOHN MARTIN,59,19,European American,Data Structue,M,269
JOHN MURPHY,59,19,Hispanic,Data Structue,F,270
JOHN MURPHY,82,21,Hispanic,Data Structue,M,271
JOHN NESTOR,76,20,White American,Data Structue,M,272
JOHN RAHAIM,89,18,Hispanic,Data Structue,M,273
JOHN ROCCO,47,20,White American,Data Structue,M,274
JOHN SANFORD JR,85,18,White American,Data Structue,F,275
JOHN STANFIELD,59,19,White American,Data Structue,M,276
JOHN TURSI,59,19,African American,Data Structue,M,277
JOHN VAN KOLL,85,18,White American,Data Structue,M,278
JOHNSON YOU,60,18,White American,Data Structue,M,279
JON WALTON,59,19,European American,Data Structue,F,280
JONATHAN BAXTER,39,19,European American,Data Structue,M,281
JONES WONG,85,20,White American,Data Structue,M,282
JOSE CASTILLO,39,21,White American,Data Structue,M,283
JOSE VELO,47,20,Hispanic,Data Structue,M,284
JOSEPH CUFF,69,18,Hispanic,Data Structue,F,285
JOSEPH DRISCOLL,47,18,White American,Data Structue,M,286
JOSEPH FISCHER-III,89,18,White American,Data Structue,M,287
JOSEPH FONG,89,18,White American,Data Structue,M,288
JOSEPH MAYERS,79,19,European American,Data Structue,M,289
JOSEPH WOODS,85,20,White American,Data Structue,F,290
JOSEPHINE RAPADAS,60,19,European American,Data Structue,M,291
JOSHUA BAMBERGER,89,20,European American,Data Structue,M,292
JOSHUA KUMLI,82,19,European American,Data Structue,M,293
JUDY MELINEK,79,19,White American,Data Structue,M,294
JULIA M C FRIEDLANDER,60,18,European American,Data Structue,F,295
JULIE LABONTE,89,20,European American,Data Structue,M,296
JULIE VAN NOSTERN,85,18,African American,Data Structue,M,297
JULIET ELLIS,89,20,European American,Data Structue,M,298
JULIO ESCOBAR,79,18,White American,Data Structue,M,299
JUNE CRAVET,85,18,Hispanic,Data Structue,F,300
KANDACE BENDER,58,19,White American,Data Structue,M,301
KAREN ROYE,47,18,White American,Data Structue,M,302
KARL JURGENSON,79,19,European American,Data Structue,M,303
KATE HERRMAN STACY,60,21,Hispanic,Data Structue,M,304
KATHLEEN MAXWELL,47,20,African American,Data Structue,F,305
KATHRYN BALLOU,76,20,Hispanic,Data Structue,M,306
KATHRYN FOWLER,69,18,European American,Data Structue,M,307
KATHRYN HOW,69,18,White American,Data Structue,M,308
KEITH SANFORD,58,19,European American,Data Structue,M,309
KEN YEE,82,19,European American,Data Structue,F,310
KENNETH CORDERO,85,20,Hispanic,Data Structue,M,311
KENNETH SMITH,69,18,White American,Data Structue,M,312
KEVIN BARRY,60,21,European American,Data Structue,M,313
KEVIN BURKE,76,18,White American,Data Structue,M,314
KEVIN CASHMAN,39,21,Hispanic,Data Structue,F,315
KEVIN JONES,60,19,Hispanic,Data Structue,M,316
KEVIN KUHN,60,19,Hispanic,Data Structue,M,317
KEVIN LABANOWSKI,85,20,White American,Data Structue,M,318
KEVIN SMITH,60,19,White American,Data Structue,M,319
KEVIN TAYLOR,69,18,White American,Data Structue,F,320
KHAIRUL ALI,85,20,White American,Data Structue,M,321
KHOA TRINH,39,18,Hispanic,Data Structue,M,322
KIMIKO BURTON,69,18,White American,Data Structue,M,323
KIRK RICHARDSON,69,20,European American,Data Structue,M,324
KIRSTEN BARASH,59,21,European American,Data Structue,F,325
L MILITELLO,60,19,White American,Data Structue,M,326
LAN LEE,79,19,White American,Data Structue,M,327
LARRY MITCHELL,59,21,White American,Data Structue,M,328
LAUIFI SEUMAALA,89,20,White American,Data Structue,M,329
LAURENCE RAMLAN,89,18,European American,Data Structue,F,330
LAWRENCE FREED,89,18,Hispanic,Data Structue,M,331
LAWRENCE LEE,47,20,White American,Data Structue,M,332
LAWRENCE NICHOLLS,60,19,Hispanic,Data Structue,M,333
LENETTE THOMPSON,60,18,Hispanic,Data Structue,M,334
LENORA JACOBS,47,20,European American,Data Structue,F,335
LEON KUO,89,20,Hispanic,Data Structue,M,336
LEON WHITE,85,20,White American,Data Structue,M,337
LEONARD BROBERG,59,19,Hispanic,Data Structue,M,338
LEONARDO FERMIN,82,18,White American,Data Structue,M,339
LESLIE DUBBIN,82,21,White American,Data Structue,F,340
LINDA ROSS,59,19,European American,Data Structue,M,341
LISA GOLDEN,60,19,African American,Data Structue,M,342
LISA HOFFMANN,60,21,White American,Data Structue,M,343
LISETTE ADAMS,39,18,White American,Data Structue,M,344
LORI BORGHI,82,21,European American,Data Structue,F,345
LORRIE KALOS,89,20,White American,Data Structue,M,346
LOUIS CASSANEGO,60,19,European American,Data Structue,M,347
LUIS HERRERA,85,18,Hispanic,Data Structue,M,348
LUIS IBARRA-RIVERA,79,19,White American,Data Structue,M,349
LYN TOMIOKA,59,19,White American,Data Structue,F,350
MADONNA VALENCIA,69,18,White American,Data Structue,M,351
MAGALY SAADE,25,18,European American,Data Structue,M,352
MAMI SUZUKI-VIDALON,59,18,White American,Data Structue,M,353
MANUEL PEGUEROS,89,18,Hispanic,Data Structue,M,354
MARGARET CALLAHAN,76,20,White American,Data Structue,F,355
MARGARET HANNAFORD,76,18,White American,Data Structue,M,356
MARGARET RYKOWSKI,59,18,Hispanic,Data Structue,M,357
MARIA BEE,82,21,White American,Data Structue,M,358
MARISA MORET,69,18,White American,Data Structue,M,359
MARK CASTAGNOLA,39,21,White American,Data Structue,F,360
MARK GAMBLE,39,18,Hispanic,Data Structue,M,361
MARK GONZALES,69,20,African American,Data Structue,M,362
MARK HERNANDEZ,82,19,European American,Data Structue,M,363
MARK JOHNSON,79,19,White American,Data Structue,M,364
MARK KEARNEY,60,19,White American,Data Structue,F,365
MARK SENORES,60,18,European American,Data Structue,M,366
MARK SMITH,69,20,Hispanic,Data Structue,M,367
MARK SOLOMON,69,20,European American,Data Structue,M,368
MARTIEN VERHAEG,39,19,European American,Data Structue,M,369
MARTIN BELTRAN,85,20,White American,Data Structue,F,370
MARTIN GRAN,85,18,European American,Data Structue,M,371
MARTIN HALLORAN,76,18,Hispanic,Data Structue,M,372
MARTIN LALOR JR,69,20,White American,Data Structue,M,373
MARTY ROSS,85,20,Hispanic,Data Structue,M,374
MARY TSE,82,19,European American,Data Structue,F,375
MASAE KAWAMURA,82,21,White American,Data Structue,M,376
MATTHEW CANNON,60,19,White American,Data Structue,M,377
MATTHEW MCNAUGHTON,89,18,White American,Data Structue,M,378
MATTHEW ROTHSCHILD,39,18,White American,Data Structue,M,379
MELANY BRANDON,47,20,White American,Data Structue,F,380
MELISSA LERMA,85,20,European American,Data Structue,M,381
MERCEDES GERMAN,69,18,European American,Data Structue,M,382
MICHAEL AHERN,60,21,Hispanic,Data Structue,M,383
MICHAEL BELLO,60,19,White American,Data Structue,M,384
MICHAEL BIEL,85,20,White American,Data Structue,F,385
MICHAEL BROWNE,79,18,White American,Data Structue,M,386
MICHAEL BRYANT,76,20,European American,Data Structue,M,387
MICHAEL CARLIN,60,19,White American,Data Structue,M,388
MICHAEL CASTAGNOLA,69,18,White American,Data Structue,M,389
MICHAEL COLEMAN,85,18,European American,Data Structue,F,390
MICHAEL CONNOLLY,39,19,White American,Data Structue,M,391
MICHAEL DALY,76,20,White American,Data Structue,M,392
MICHAEL DELANE,85,20,White American,Data Structue,M,393
MICHAEL DRENNAN,69,18,White American,Data Structue,M,394
MICHAEL DUDOROFF,76,20,European American,Data Structue,F,395
MICHAEL ELLIS,89,20,European American,Data Structue,M,396
MICHAEL GONZALES,82,19,White American,Data Structue,M,397
MICHAEL HENNESSEY,59,19,White American,Data Structue,M,398
MICHAEL KEARNEY,79,21,Hispanic,Data Structue,M,399
MICHAEL MORRIS,85,18,White American,Data Structue,F,400
MICHAEL MOYNIHAN,85,20,Hispanic,Data Structue,M,401
MICHAEL PHILPOTT,47,20,Hispanic,Data Structue,M,402
MICHAEL QUAN,89,20,White American,Data Structue,M,403
MICHAEL ROLOVICH,89,18,African American,Data Structue,M,404
MICHAEL SIMMONS,47,18,Hispanic,Data Structue,F,405
MICHAEL SMITH,39,19,White American,Data Structue,M,406
MICHAEL THOMPSON,69,18,White American,Data Structue,M,407
MICHAEL THOMPSON,59,18,White American,Data Structue,M,408
MICHAEL WALSH,39,19,European American,Data Structue,M,409
MICHAEL WHOOLEY,76,18,European American,Data Structue,F,410
MIKAIL ALI,76,18,Hispanic,Data Structue,M,411
MIKE BREILING,60,19,European American,Data Structue,M,412
MILTON ESTES,59,21,White American,Data Structue,M,413
MIRIAM DAMON,60,19,White American,Data Structue,M,414
MITCHELL LEE,89,18,White American,Data Structue,F,415
MIVIC HIROSE,39,21,White American,Data Structue,M,416
MOHAMMED NURU,59,19,European American,Data Structue,M,417
MONICA FIELDS,,19,European American,Data Structue,M,418
MONIQUE MOYER,59,19,Hispanic,Data Structue,M,419
MONIQUE ZMUDA,79,18,White American,Data Structue,F,420
MORGAN PETITI,69,18,Hispanic,Data Structue,M,421
MYO CHANG,76,20,African American,Data Structue,M,422
NANCY LEW,76,20,White American,Data Structue,M,423
NANCY PARKER,60,21,White American,Data Structue,M,424
NATHAN HARDY,79,19,European American,Data Structue,F,425
NATHANIEL FORD,69,18,White American,Data Structue,M,426
NEIL SWENDSEN,85,20,White American,Data Structue,M,427
NELA PONFERRADA,59,19,Hispanic,Data Structue,M,428
NELSON ACETO,76,20,White American,Data Structue,M,429
NEREE DASTOUS,39,18,European American,Data Structue,F,430
NICHOLAS COLANGELO,89,20,European American,Data Structue,M,431
NICOL JURATOVAC,82,18,White American,Data Structue,M,432
NICOLETTE DIVECCHIO,47,18,White American,Data Structue,M,433
NIKOLAS LEMOS,76,18,White American,Data Structue,M,434
NOEL MORONEY,60,19,White American,Data Structue,F,435
NOREEN AMBROSE,85,20,White American,Data Structue,M,436
OLLIE BANKS,39,18,White American,Data Structue,M,437
OSCAR CABRERA,47,18,European American,Data Structue,M,438
OWEN CLEMENTS,79,19,White American,Data Structue,M,439
PABLO SIGUENZA,85,18,White American,Data Structue,F,440
PATRIC STEELE,47,18,European American,Data Structue,M,441
PATRICIA CARR,82,19,Hispanic,Data Structue,M,442
PATRICIA JACKSON,79,18,European American,Data Structue,M,443
PATRICIA O'CONNER,39,19,Hispanic,Data Structue,M,444
PATRICK GARDNER,47,18,White American,Data Structue,F,445
PATRICK MULLANEY,69,20,Hispanic,Data Structue,M,446
PAUL CHIGNELL,79,19,African American,Data Structue,M,447
PAUL HENDERSON,60,19,White American,Data Structue,M,448
PAUL LEE,76,20,White American,Data Structue,M,449
PAUL URQUIAGA,79,19,Hispanic,Data Structue,F,450
PAULINE MARX,76,20,White American,Data Structue,M,451
PERRY LEONG,76,18,European American,Data Structue,M,452
PETE FAY JR,89,18,Hispanic,Data Structue,M,453
PETER THOSHINSKY,79,19,Hispanic,Data Structue,M,454
PHILIP GINSBURG,69,20,White American,Data Structue,F,455
PHILIP PERA,85,20,Hispanic,Data Structue,M,456
PHILIP STEVENS,89,18,White American,Data Structue,M,457
PIERRE FRANCOIS,89,20,European American,Data Structue,M,458
PIERRE MARTINEZ,47,18,European American,Data Structue,M,459
RAEMONA WILLIAMS,79,18,African American,Data Structue,F,460
RAJIV BHATIA,89,20,White American,Data Structue,M,461
RANDY LY,59,19,European American,Data Structue,M,462
RANDY MANNING,85,20,White American,Data Structue,M,463
RASMI CHAN,69,20,Hispanic,Data Structue,M,464
RAUL FRANCISCO,,21,White American,Data Structue,F,465
RAY CRAWFORD,47,20,Hispanic,Data Structue,M,466
RAYMOND CHAVEZ,82,21,European American,Data Structue,M,467
RAYMOND GUZMAN,60,18,White American,Data Structue,M,468
RAYMOND KOENIG,47,18,Hispanic,Data Structue,M,469
REGINA GOMEZ,76,18,White American,Data Structue,F,470
RENEE MARQUARDT,76,18,White American,Data Structue,M,471
REX HALE,47,20,Hispanic,Data Structue,M,472
RICHARD BUSALACCHI,79,21,African American,Data Structue,M,473
RICHARD CORRIEA,39,21,Hispanic,Data Structue,M,474
RICHARD CURRIE,85,20,White American,Data Structue,F,475
RICHARD ELLIOTT,76,20,White American,Data Structue,M,476
RICHARD PARRY,39,19,White American,Data Structue,M,477
RICHARD UNTALAN,69,18,White American,Data Structue,M,478
RICHARD VAN KOLL,89,18,White American,Data Structue,M,479
RICHARD ZERCHER,82,21,White American,Data Structue,F,480
RICKY HUI,82,19,White American,Data Structue,M,481
ROBERT BONNET,79,18,Hispanic,Data Structue,M,482
ROBERT BRYAN,76,20,European American,Data Structue,M,483
ROBERT CHIN,60,19,White American,Data Structue,M,484
ROBERT COLEMAN,82,18,Hispanic,Data Structue,F,485
ROBERT GALLOT,85,20,White American,Data Structue,M,486
ROBERT GUILLERMO,89,20,White American,Data Structue,M,487
ROBERT KAPROSCH,69,18,White American,Data Structue,M,488
ROBERT LOPEZ,69,18,Hispanic,Data Structue,M,489
ROBERT MAERZ,47,20,European American,Data Structue,F,490
ROBERT MUHAMMAD,82,18,European American,Data Structue,M,491
ROBERT POSTEL,76,20,European American,Data Structue,M,492
ROBERT SERRANO,82,19,White American,Data Structue,M,493
ROBERT SHAW,85,20,White American,Data Structue,M,494
ROBERT STYLES,69,18,European American,Data Structue,F,495
ROBERT TAI,69,18,European American,Data Structue,M,496
ROBERT VELARDE,85,18,Hispanic,Data Structue,M,497
ROBERT WINSLOW,79,19,White American,Data Structue,M,498
ROLAND PICKENS,82,18,European American,Data Structue,M,499
RONALD PRUYN,47,18,White American,Data Structue,F,500
ROSE QUINONES,47,20,White American,Data Structue,M,501
ROSELYN JEQUINTO,59,18,European American,Data Structue,M,502
ROSEMARY LEE,85,18,European American,Data Structue,M,503
ROWENA PATEL,85,18,Hispanic,Data Structue,M,504
RUBY MARTIN,39,19,Hispanic,Data Structue,F,505
RUDOLPH ERLER,60,21,European American,Data Structue,M,506
RUDY CASTELLANOS,60,21,White American,Data Structue,M,507
RYAN CREAN,47,18,White American,Data Structue,M,508
RYAN KENNEDY,59,19,White American,Data Structue,M,509
SAHIR PUTRUS,47,18,White American,Data Structue,F,510
SAM YUEN,85,18,White American,Data Structue,M,511
SAMSON LAI,76,20,European American,Data Structue,M,512
SAMUEL NIETO,39,19,White American,Data Structue,M,513
SAMUEL ROMERO,59,19,White American,Data Structue,M,514
SANDRA HUANG,59,18,White American,Data Structue,F,515
SANDRA TONG,47,18,European American,Data Structue,M,516
SARAH CARY,76,18,White American,Data Structue,M,517
SCOTT SCHOLZEN,82,19,African American,Data Structue,M,518
SEAN BONETTI,89,20,White American,Data Structue,M,519
SEBASTIAN WONG,58,19,Hispanic,Data Structue,F,520
SHANNON SAKOWSKI,76,20,European American,Data Structue,M,521
SHARON FERRIGNO,39,19,European American,Data Structue,M,522
SHARON MCCOLE WICHER,47,18,White American,Data Structue,M,523
SHARON WOO,39,21,Hispanic,Data Structue,M,524
SHELLEY MITCHELL,79,19,White American,Data Structue,F,525
SIU-KWAN CHOW,85,18,Hispanic,Data Structue,M,526
SOFIA MATHEWS,69,20,Hispanic,Data Structue,M,527
SONALI BOSE,82,18,White American,Data Structue,M,528
STEPHEN TACCHINI,39,19,Hispanic,Data Structue,M,529
STEPHEN TITTEL,82,19,White American,Data Structue,F,530
STEVEN MANNINA,39,18,White American,Data Structue,M,531
STEVEN RITCHIE,59,21,European American,Data Structue,M,532
STEVEN WILLIAMS,39,21,European American,Data Structue,M,533
STEVEN WOZNIAK,82,21,White American,Data Structue,M,534
SURINDERJEET BAJWA,89,20,White American,Data Structue,F,535
SUSAN BUCHBINDER,89,20,European American,Data Structue,M,536
SUSAN CURRIN,76,18,Hispanic,Data Structue,M,537
SUSAN FERNYAK,59,19,European American,Data Structue,M,538
SUSAN GARRETT,85,18,Hispanic,Data Structue,M,539
SUSAN ILNICKI,59,18,European American,Data Structue,F,540
TANGERINE BRIGHAM,60,21,White American,Data Structue,M,541
TED YAMASAKI,89,18,European American,Data Structue,M,542
TERENCE OSULLIVAN,76,18,African American,Data Structue,M,543
TERESA BARRETT,69,20,European American,Data Structue,M,544
THERESA DENTONI,76,20,European American,Data Structue,F,545
THERESA LEE,79,19,White American,Data Structue,M,546
THERESA MUELLER,59,19,White American,Data Structue,M,547
THERESE STEWART,82,18,White American,Data Structue,M,548
THOMAS ABBOTT,79,19,White American,Data Structue,M,549
THOMAS ALDANA,76,20,African American,Data Structue,F,550
THOMAS BIBER,76,18,White American,Data Structue,M,551
THOMAS BUSBY,85,18,White American,Data Structue,M,552
THOMAS CLEARY,79,19,White American,Data Structue,M,553
THOMAS CUNNANE,59,21,Hispanic,Data Structue,M,554
THOMAS HARVEY,60,19,White American,Data Structue,F,555
THOMAS KOHMANN,76,18,White American,Data Structue,M,556
THOMAS MURPHY,60,19,European American,Data Structue,M,557
THOMAS REY,59,19,Hispanic,Data Structue,M,558
THOMAS SHAWYER,85,18,European American,Data Structue,M,559
THOMAS SIRAGUSA,89,20,White American,Data Structue,F,560
TIM AREJA,60,18,African American,Data Structue,M,561
TIMOTHY SINCLAIR,47,20,White American,Data Structue,M,562
TIMOTHY SULLIVAN,59,19,White American,Data Structue,M,563
TODD RYDSTROM,39,18,European American,Data Structue,M,564
TOMAS ARAGON,59,21,White American,Data Structue,F,565
TONEY CHAPLIN,59,18,White American,Data Structue,M,566
TRENT RHORER,60,21,European American,Data Structue,M,567
TROY JOLLIFF,47,18,African American,Data Structue,M,568
TROY WILLIAMS,89,20,White American,Data Structue,M,569
TRYG MCCOY,59,19,Hispanic,Data Structue,F,570
TUAMELIE MOALA,39,19,European American,Data Structue,M,571
TYRONE PRUITT,76,20,Hispanic,Data Structue,M,572
TYRONNE JULIAN,47,18,European American,Data Structue,M,573
VALERIE AGARD,79,18,European American,Data Structue,M,574
VALERIE INOUYE,69,20,European American,Data Structue,F,575
VAN LY,79,21,White American,Data Structue,M,576
VENUS AZAR,69,18,White American,Data Structue,M,577
VERNONICA JONES,79,19,White American,Data Structue,M,578
VICKI CLAYTON,76,18,White American,Data Structue,M,579
VICTOR WYRSCH,59,21,White American,Data Structue,F,580
VINCENT DAVIS,89,18,African American,Data Structue,M,581
VINCENT PAMPANIN,85,20,White American,Data Structue,M,582
VIVIAN DAY,39,21,Hispanic,Data Structue,M,583
WAYNE SNODGRASS,89,18,Hispanic,Data Structue,M,584
WENDY STILL,85,18,European American,Data Structue,F,585
WHITNEY YEE,47,20,White American,Data Structue,M,586
WILLIAM MCFARLAND,79,19,White American,Data Structue,M,587
WILLIAM MCFARLAND,39,18,Hispanic,Data Structue,M,588
WILLIAM MULKEEN,82,19,European American,Data Structue,M,589
WILLIAM RADER,76,20,Hispanic,Data Structue,F,590
WILLIAM ROUALDES,59,19,White American,Data Structue,M,591
WILLIAM SCOTT,82,19,Hispanic,Data Structue,M,592
WILLIAM SIFFERMANN,85,20,Hispanic,Data Structue,M,593
WING CHAN,82,19,European American,Data Structue,M,594
WING NG,39,19,White American,Data Structue,F,595
YIFANG QIAN,69,18,White American,Data Structue,M,596
ZACHARY PUMPHREY,47,20,White American,Data Structue,M,597
ZEBA IMAN NAZEERI-SIMMONS,69,20,Hispanic,Data Structue,M,598
ZHI JIAR ZHUANG,,19,Hispanic,Data Structue,M,599
